{
  "project_info": {
    "project_number": "681640103621",
    "firebase_url": "https://projet-android-2020.firebaseio.com",
    "project_id": "projet-android-2020",
    "storage_bucket": "projet-android-2020.appspot.com"
  },
  "client": [
    {
      "client_info": {
        "mobilesdk_app_id": "1:681640103621:android:40f0aeb39c8c2d56ceeaac",
        "android_client_info": {
          "package_name": "fr.android.project_bourget"
        }
      },
      "oauth_client": [
        {
          "client_id": "681640103621-5lqa4pakvevt3n0s0qhuas4drlf1nk97.apps.googleusercontent.com",
          "client_type": 1,
          "android_info": {
            "package_name": "fr.android.project_bourget",
            "certificate_hash": "a77db5006efb318a042326918dab593ef06da53a"
          }
        },
        {
          "client_id": "681640103621-c3a3qrgipcnuu9uonqg4skc7gl901du1.apps.googleusercontent.com",
          "client_type": 3
        }
      ],
      "api_key": [
        {
          "current_key": "AIzaSyCcFwQZZUcoRSCmP9iQcI2thD2tk7fxrvc"
        }
      ],
      "services": {
        "appinvite_service": {
          "other_platform_oauth_client": [
            {
              "client_id": "681640103621-c3a3qrgipcnuu9uonqg4skc7gl901du1.apps.googleusercontent.com",
              "client_type": 3
            }
          ]
        }
      }
    }
  ],
  "configuration_version": "1"
}